schoolId,universityName,groupCode,groupName,subjectType,firstSubjectRequirement,resubjectRequirement,minScore,minRank,planCount,batch,sourcePageUrl,sourceUrl,sourceHash,sourceLevel
,四川农业大学,101,四川农业大学物理类101组,物理类,物理,物理、化学,562,53398,1140,普通本科批B段,https://zsdata.sicau.edu.cn/zsdata/lqxx/#/lnfs,https://zsdata.sicau.edu.cn/zsdata/lqxx/#/lnfs,5f01f32a8128a0c1ca7cbe8036a9d46f5ff00b25546c7f7fedbc13cb90336591,school_verified
,四川农业大学,102,四川农业大学物理类102组,物理类,物理,化学,569,46766,1722,普通本科批B段,https://zsdata.sicau.edu.cn/zsdata/lqxx/#/lnfs,https://zsdata.sicau.edu.cn/zsdata/lqxx/#/lnfs,5f01f32a8128a0c1ca7cbe8036a9d46f5ff00b25546c7f7fedbc13cb90336591,school_verified
,四川农业大学,103,四川农业大学物理类103组,物理类,物理,不限,560,55395,492,普通本科批B段,https://zsdata.sicau.edu.cn/zsdata/lqxx/#/lnfs,https://zsdata.sicau.edu.cn/zsdata/lqxx/#/lnfs,5f01f32a8128a0c1ca7cbe8036a9d46f5ff00b25546c7f7fedbc13cb90336591,school_verified
,四川农业大学,104,四川农业大学物理类104组,物理类,物理,生物,567,48644,58,普通本科批B段,https://zsdata.sicau.edu.cn/zsdata/lqxx/#/lnfs,https://zsdata.sicau.edu.cn/zsdata/lqxx/#/lnfs,5f01f32a8128a0c1ca7cbe8036a9d46f5ff00b25546c7f7fedbc13cb90336591,school_verified
,四川农业大学,105,四川农业大学历史类105组,历史类,历史,不限,592,6142,587,普通本科批B段,https://zsdata.sicau.edu.cn/zsdata/lqxx/#/lnfs,https://zsdata.sicau.edu.cn/zsdata/lqxx/#/lnfs,1571cfccb9ace8717b646228b011b96b8e002dc9666bc1e4df55ca5be6401762,school_verified
,成都信息工程大学,101,成都信息工程大学历史类101组,历史类,历史,不限,561,15499,169,普通本科批B段,https://zs.cuit.edu.cn/info/1022/1579.htm,"https://zs.cuit.edu.cn/info/1022/1579.htm
https://zs.cuit.edu.cn/info/1096/1498.htm",20258fcefa4f3e29482bccee46f5c38d39c3e84429297a55064604e933620c92,school_verified
,成都信息工程大学,102,成都信息工程大学历史类102组,历史类,历史,不限,538,25709,381,普通本科批B段,https://zs.cuit.edu.cn/info/1022/1579.htm,"https://zs.cuit.edu.cn/info/1022/1579.htm
https://zs.cuit.edu.cn/info/1096/1498.htm",20258fcefa4f3e29482bccee46f5c38d39c3e84429297a55064604e933620c92,school_verified
,成都信息工程大学,103,成都信息工程大学历史类103组,历史类,历史,不限,566,13582,72,普通本科批B段,https://zs.cuit.edu.cn/info/1022/1579.htm,"https://zs.cuit.edu.cn/info/1022/1579.htm
https://zs.cuit.edu.cn/info/1096/1498.htm",20258fcefa4f3e29482bccee46f5c38d39c3e84429297a55064604e933620c92,school_verified
,成都信息工程大学,104,成都信息工程大学历史类104组,历史类,历史,不限,520,35652,11,普通本科批B段,https://zs.cuit.edu.cn/info/1022/1579.htm,"https://zs.cuit.edu.cn/info/1022/1579.htm
https://zs.cuit.edu.cn/info/1096/1498.htm",20258fcefa4f3e29482bccee46f5c38d39c3e84429297a55064604e933620c92,school_verified
,成都信息工程大学,105,成都信息工程大学历史类105组,历史类,历史,不限,555,17967,23,普通本科批B段,https://zs.cuit.edu.cn/info/1022/1579.htm,"https://zs.cuit.edu.cn/info/1022/1579.htm
https://zs.cuit.edu.cn/info/1096/1498.htm",20258fcefa4f3e29482bccee46f5c38d39c3e84429297a55064604e933620c92,school_verified
,成都信息工程大学,106,成都信息工程大学历史类106组,历史类,历史,地理,566,13582,12,普通本科批B段,https://zs.cuit.edu.cn/info/1022/1579.htm,"https://zs.cuit.edu.cn/info/1022/1579.htm
https://zs.cuit.edu.cn/info/1096/1498.htm",20258fcefa4f3e29482bccee46f5c38d39c3e84429297a55064604e933620c92,school_verified
,成都信息工程大学,101,成都信息工程大学物理类101组,物理类,物理,不限,541,75327,184,普通本科批B段,https://zs.cuit.edu.cn/info/1022/1579.htm,"https://zs.cuit.edu.cn/info/1022/1579.htm
https://zs.cuit.edu.cn/info/1096/1498.htm",20258fcefa4f3e29482bccee46f5c38d39c3e84429297a55064604e933620c92,school_verified
,成都信息工程大学,102,成都信息工程大学物理类102组,物理类,物理,不限,468,170913,19,普通本科批B段,https://zs.cuit.edu.cn/info/1022/1579.htm,"https://zs.cuit.edu.cn/info/1022/1579.htm
https://zs.cuit.edu.cn/info/1096/1498.htm",20258fcefa4f3e29482bccee46f5c38d39c3e84429297a55064604e933620c92,school_verified
,成都信息工程大学,103,成都信息工程大学物理类103组,物理类,物理,化学,600,23461,8,普通本科批B段,https://zs.cuit.edu.cn/info/1022/1579.htm,"https://zs.cuit.edu.cn/info/1022/1579.htm
https://zs.cuit.edu.cn/info/1096/1498.htm",20258fcefa4f3e29482bccee46f5c38d39c3e84429297a55064604e933620c92,school_verified
,成都信息工程大学,104,成都信息工程大学物理类104组,物理类,物理,化学,577,39823,613,普通本科批B段,https://zs.cuit.edu.cn/info/1022/1579.htm,"https://zs.cuit.edu.cn/info/1022/1579.htm
https://zs.cuit.edu.cn/info/1096/1498.htm",20258fcefa4f3e29482bccee46f5c38d39c3e84429297a55064604e933620c92,school_verified
,成都信息工程大学,105,成都信息工程大学物理类105组,物理类,物理,化学,570,45869,623,普通本科批B段,https://zs.cuit.edu.cn/info/1022/1579.htm,"https://zs.cuit.edu.cn/info/1022/1579.htm
https://zs.cuit.edu.cn/info/1096/1498.htm",20258fcefa4f3e29482bccee46f5c38d39c3e84429297a55064604e933620c92,school_verified
,成都信息工程大学,106,成都信息工程大学物理类106组,物理类,物理,化学,563,52443,315,普通本科批B段,https://zs.cuit.edu.cn/info/1022/1579.htm,"https://zs.cuit.edu.cn/info/1022/1579.htm
https://zs.cuit.edu.cn/info/1096/1498.htm",20258fcefa4f3e29482bccee46f5c38d39c3e84429297a55064604e933620c92,school_verified
,成都信息工程大学,107,成都信息工程大学物理类107组,物理类,物理,化学,564,51460,564,普通本科批B段,https://zs.cuit.edu.cn/info/1022/1579.htm,"https://zs.cuit.edu.cn/info/1022/1579.htm
https://zs.cuit.edu.cn/info/1096/1498.htm",20258fcefa4f3e29482bccee46f5c38d39c3e84429297a55064604e933620c92,school_verified
,成都信息工程大学,108,成都信息工程大学物理类108组,物理类,物理,化学,540,76490,443,普通本科批B段,https://zs.cuit.edu.cn/info/1022/1579.htm,"https://zs.cuit.edu.cn/info/1022/1579.htm
https://zs.cuit.edu.cn/info/1096/1498.htm",20258fcefa4f3e29482bccee46f5c38d39c3e84429297a55064604e933620c92,school_verified
,成都信息工程大学,109,成都信息工程大学物理类109组,物理类,物理,化学,557,58346,273,普通本科批B段,https://zs.cuit.edu.cn/info/1022/1579.htm,"https://zs.cuit.edu.cn/info/1022/1579.htm
https://zs.cuit.edu.cn/info/1096/1498.htm",20258fcefa4f3e29482bccee46f5c38d39c3e84429297a55064604e933620c92,school_verified
,成都信息工程大学,110,成都信息工程大学物理类110组,物理类,物理,地理,562,53398,14,普通本科批B段,https://zs.cuit.edu.cn/info/1022/1579.htm,"https://zs.cuit.edu.cn/info/1022/1579.htm
https://zs.cuit.edu.cn/info/1096/1498.htm",20258fcefa4f3e29482bccee46f5c38d39c3e84429297a55064604e933620c92,school_verified
,成都信息工程大学,111,成都信息工程大学物理类111组,物理类,物理,化学,606,19899,,普通本科批B段,https://zs.cuit.edu.cn/info/1022/1579.htm,"https://zs.cuit.edu.cn/info/1022/1579.htm
https://zs.cuit.edu.cn/info/1096/1498.htm",20258fcefa4f3e29482bccee46f5c38d39c3e84429297a55064604e933620c92,school_verified
891,新余学院,101,新余学院历史类101组,历史类,历史,,528,,,普通本科批B段,http://zb.xyc.edu.cn/info/1013/4761.htm,http://zb.xyc.edu.cn/info/1013/4761.htm,7e6c524915b12a776c139d0ed0858ee903946f4daa47d80ac450d45ccc325d30,school_verified
891,新余学院,102,新余学院历史类102组,历史类,历史,,528,,,普通本科批B段,http://zb.xyc.edu.cn/info/1013/4761.htm,http://zb.xyc.edu.cn/info/1013/4761.htm,7e6c524915b12a776c139d0ed0858ee903946f4daa47d80ac450d45ccc325d30,school_verified
891,新余学院,101,新余学院物理类101组,物理类,物理,,491,,,普通本科批B段,http://zb.xyc.edu.cn/info/1013/4761.htm,http://zb.xyc.edu.cn/info/1013/4761.htm,7e6c524915b12a776c139d0ed0858ee903946f4daa47d80ac450d45ccc325d30,school_verified
891,新余学院,102,新余学院物理类102组,物理类,物理,,507,,,普通本科批B段,http://zb.xyc.edu.cn/info/1013/4761.htm,http://zb.xyc.edu.cn/info/1013/4761.htm,7e6c524915b12a776c139d0ed0858ee903946f4daa47d80ac450d45ccc325d30,school_verified
891,新余学院,103,新余学院物理类103组,物理类,物理,,506,,,普通本科批B段,http://zb.xyc.edu.cn/info/1013/4761.htm,http://zb.xyc.edu.cn/info/1013/4761.htm,7e6c524915b12a776c139d0ed0858ee903946f4daa47d80ac450d45ccc325d30,school_verified
