schoolId,universityName,groupCode,groupName,majorCode,majorName,subjectType,firstSubjectRequirement,resubjectRequirement,planCount,tuition,studyYears,batch,sourcePageUrl,sourceUrl,sourceHash,sourceLevel
,四川农业大学,101,四川农业大学物理类101组,100701,药学,物理类,物理,物理、化学,82,6960,四年,普通本科批B段,https://zsdata.sicau.edu.cn/zsdata/lqxx/#/lnfs,https://zsdata.sicau.edu.cn/zsdata/lqxx/#/lnfs,5878e4613784b774dfd598adfc27529986fe0b59a99ad8d478e3995d672e3915,school_verified
,四川农业大学,101,四川农业大学物理类101组,090101,农学,物理类,物理,物理、化学,56,5760,四年,普通本科批B段,https://zsdata.sicau.edu.cn/zsdata/lqxx/#/lnfs,https://zsdata.sicau.edu.cn/zsdata/lqxx/#/lnfs,5878e4613784b774dfd598adfc27529986fe0b59a99ad8d478e3995d672e3915,school_verified
,四川农业大学,101,四川农业大学物理类101组,090601,水产养殖学,物理类,物理,物理、化学,71,5760,四年,普通本科批B段,https://zsdata.sicau.edu.cn/zsdata/lqxx/#/lnfs,https://zsdata.sicau.edu.cn/zsdata/lqxx/#/lnfs,5878e4613784b774dfd598adfc27529986fe0b59a99ad8d478e3995d672e3915,school_verified
,四川农业大学,101,四川农业大学物理类101组,090403,动植物检疫,物理类,物理,物理、化学,61,5760,四年,普通本科批B段,https://zsdata.sicau.edu.cn/zsdata/lqxx/#/lnfs,https://zsdata.sicau.edu.cn/zsdata/lqxx/#/lnfs,5878e4613784b774dfd598adfc27529986fe0b59a99ad8d478e3995d672e3915,school_verified
,四川农业大学,101,四川农业大学物理类101组,090501,林学,物理类,物理,物理、化学,83,5760,四年,普通本科批B段,https://zsdata.sicau.edu.cn/zsdata/lqxx/#/lnfs,https://zsdata.sicau.edu.cn/zsdata/lqxx/#/lnfs,5878e4613784b774dfd598adfc27529986fe0b59a99ad8d478e3995d672e3915,school_verified
,四川农业大学,101,四川农业大学物理类101组,090107,茶学,物理类,物理,物理、化学,55,5760,四年,普通本科批B段,https://zsdata.sicau.edu.cn/zsdata/lqxx/#/lnfs,https://zsdata.sicau.edu.cn/zsdata/lqxx/#/lnfs,5878e4613784b774dfd598adfc27529986fe0b59a99ad8d478e3995d672e3915,school_verified
,四川农业大学,101,四川农业大学物理类101组,090701,草业科学,物理类,物理,物理、化学,65,5760,四年,普通本科批B段,https://zsdata.sicau.edu.cn/zsdata/lqxx/#/lnfs,https://zsdata.sicau.edu.cn/zsdata/lqxx/#/lnfs,5878e4613784b774dfd598adfc27529986fe0b59a99ad8d478e3995d672e3915,school_verified
,四川农业大学,101,四川农业大学物理类101组,100806,中草药栽培与鉴定,物理类,物理,物理、化学,29,6960,四年,普通本科批B段,https://zsdata.sicau.edu.cn/zsdata/lqxx/#/lnfs,https://zsdata.sicau.edu.cn/zsdata/lqxx/#/lnfs,5878e4613784b774dfd598adfc27529986fe0b59a99ad8d478e3995d672e3915,school_verified
,四川农业大学,101,四川农业大学物理类101组,090102,园艺,物理类,物理,物理、化学,89,5760,四年,普通本科批B段,https://zsdata.sicau.edu.cn/zsdata/lqxx/#/lnfs,https://zsdata.sicau.edu.cn/zsdata/lqxx/#/lnfs,5878e4613784b774dfd598adfc27529986fe0b59a99ad8d478e3995d672e3915,school_verified
,四川农业大学,101,四川农业大学物理类101组,090401,动物医学,物理类,物理,物理、化学,89,5760,五年,普通本科批B段,https://zsdata.sicau.edu.cn/zsdata/lqxx/#/lnfs,https://zsdata.sicau.edu.cn/zsdata/lqxx/#/lnfs,5878e4613784b774dfd598adfc27529986fe0b59a99ad8d478e3995d672e3915,school_verified
,四川农业大学,101,四川农业大学物理类101组,100702,药物制剂,物理类,物理,物理、化学,72,6960,四年,普通本科批B段,https://zsdata.sicau.edu.cn/zsdata/lqxx/#/lnfs,https://zsdata.sicau.edu.cn/zsdata/lqxx/#/lnfs,5878e4613784b774dfd598adfc27529986fe0b59a99ad8d478e3995d672e3915,school_verified
,四川农业大学,101,四川农业大学物理类101组,090103,植物保护,物理类,物理,物理、化学,67,5760,四年,普通本科批B段,https://zsdata.sicau.edu.cn/zsdata/lqxx/#/lnfs,https://zsdata.sicau.edu.cn/zsdata/lqxx/#/lnfs,5878e4613784b774dfd598adfc27529986fe0b59a99ad8d478e3995d672e3915,school_verified
,四川农业大学,101,四川农业大学物理类101组,090301,动物科学,物理类,物理,物理、化学,113,5760,四年,普通本科批B段,https://zsdata.sicau.edu.cn/zsdata/lqxx/#/lnfs,https://zsdata.sicau.edu.cn/zsdata/lqxx/#/lnfs,5878e4613784b774dfd598adfc27529986fe0b59a99ad8d478e3995d672e3915,school_verified
,四川农业大学,101,四川农业大学物理类101组,090503,森林保护,物理类,物理,物理、化学,12,5760,四年,普通本科批B段,https://zsdata.sicau.edu.cn/zsdata/lqxx/#/lnfs,https://zsdata.sicau.edu.cn/zsdata/lqxx/#/lnfs,5878e4613784b774dfd598adfc27529986fe0b59a99ad8d478e3995d672e3915,school_verified
,四川农业大学,101,四川农业大学物理类101组,090205,土地科学与技术,物理类,物理,物理、化学,41,5760,四年,普通本科批B段,https://zsdata.sicau.edu.cn/zsdata/lqxx/#/lnfs,https://zsdata.sicau.edu.cn/zsdata/lqxx/#/lnfs,5878e4613784b774dfd598adfc27529986fe0b59a99ad8d478e3995d672e3915,school_verified
,四川农业大学,101,四川农业大学物理类101组,090112,智慧农业,物理类,物理,物理、化学,41,5760,四年,普通本科批B段,https://zsdata.sicau.edu.cn/zsdata/lqxx/#/lnfs,https://zsdata.sicau.edu.cn/zsdata/lqxx/#/lnfs,5878e4613784b774dfd598adfc27529986fe0b59a99ad8d478e3995d672e3915,school_verified
,四川农业大学,101,四川农业大学物理类101组,090702,草坪科学与工程,物理类,物理,物理、化学,37,5760,四年,普通本科批B段,https://zsdata.sicau.edu.cn/zsdata/lqxx/#/lnfs,https://zsdata.sicau.edu.cn/zsdata/lqxx/#/lnfs,5878e4613784b774dfd598adfc27529986fe0b59a99ad8d478e3995d672e3915,school_verified
,四川农业大学,101,四川农业大学物理类101组,090201,农业资源与环境,物理类,物理,物理、化学,77,5760,四年,普通本科批B段,https://zsdata.sicau.edu.cn/zsdata/lqxx/#/lnfs,https://zsdata.sicau.edu.cn/zsdata/lqxx/#/lnfs,5878e4613784b774dfd598adfc27529986fe0b59a99ad8d478e3995d672e3915,school_verified
,四川农业大学,102,四川农业大学物理类102组,082701,食品科学与工程,物理类,物理,物理、化学,81,6240,四年,普通本科批B段,https://zsdata.sicau.edu.cn/zsdata/lqxx/#/lnfs,https://zsdata.sicau.edu.cn/zsdata/lqxx/#/lnfs,5878e4613784b774dfd598adfc27529986fe0b59a99ad8d478e3995d672e3915,school_verified
,四川农业大学,102,四川农业大学物理类102组,080702,电子科学与技术,物理类,物理,物理、化学,73,6240,四年,普通本科批B段,https://zsdata.sicau.edu.cn/zsdata/lqxx/#/lnfs,https://zsdata.sicau.edu.cn/zsdata/lqxx/#/lnfs,5878e4613784b774dfd598adfc27529986fe0b59a99ad8d478e3995d672e3915,school_verified
,四川农业大学,102,四川农业大学物理类102组,082503,环境科学,物理类,物理,物理、化学,48,6240,四年,普通本科批B段,https://zsdata.sicau.edu.cn/zsdata/lqxx/#/lnfs,https://zsdata.sicau.edu.cn/zsdata/lqxx/#/lnfs,5878e4613784b774dfd598adfc27529986fe0b59a99ad8d478e3995d672e3915,school_verified
,四川农业大学,102,四川农业大学物理类102组,080601,电气工程及其自动化,物理类,物理,物理、化学,60,6240,四年,普通本科批B段,https://zsdata.sicau.edu.cn/zsdata/lqxx/#/lnfs,https://zsdata.sicau.edu.cn/zsdata/lqxx/#/lnfs,5878e4613784b774dfd598adfc27529986fe0b59a99ad8d478e3995d672e3915,school_verified
,四川农业大学,102,四川农业大学物理类102组,081003,给排水科学与工程,物理类,物理,物理、化学,59,6240,四年,普通本科批B段,https://zsdata.sicau.edu.cn/zsdata/lqxx/#/lnfs,https://zsdata.sicau.edu.cn/zsdata/lqxx/#/lnfs,5878e4613784b774dfd598adfc27529986fe0b59a99ad8d478e3995d672e3915,school_verified
,四川农业大学,102,四川农业大学物理类102组,082301,农业工程,物理类,物理,物理、化学,39,6240,四年,普通本科批B段,https://zsdata.sicau.edu.cn/zsdata/lqxx/#/lnfs,https://zsdata.sicau.edu.cn/zsdata/lqxx/#/lnfs,5878e4613784b774dfd598adfc27529986fe0b59a99ad8d478e3995d672e3915,school_verified
,四川农业大学,102,四川农业大学物理类102组,082305,农业水利工程,物理类,物理,物理、化学,21,6240,四年,普通本科批B段,https://zsdata.sicau.edu.cn/zsdata/lqxx/#/lnfs,https://zsdata.sicau.edu.cn/zsdata/lqxx/#/lnfs,5878e4613784b774dfd598adfc27529986fe0b59a99ad8d478e3995d672e3915,school_verified
,四川农业大学,102,四川农业大学物理类102组,080905,物联网工程,物理类,物理,物理、化学,79,6240,四年,普通本科批B段,https://zsdata.sicau.edu.cn/zsdata/lqxx/#/lnfs,https://zsdata.sicau.edu.cn/zsdata/lqxx/#/lnfs,5878e4613784b774dfd598adfc27529986fe0b59a99ad8d478e3995d672e3915,school_verified
,四川农业大学,102,四川农业大学物理类102组,080910,数据科学与大数据技术,物理类,物理,物理、化学,91,6240,四年,普通本科批B段,https://zsdata.sicau.edu.cn/zsdata/lqxx/#/lnfs,https://zsdata.sicau.edu.cn/zsdata/lqxx/#/lnfs,5878e4613784b774dfd598adfc27529986fe0b59a99ad8d478e3995d672e3915,school_verified
,四川农业大学,102,四川农业大学物理类102组,070302,应用化学,物理类,物理,物理、化学,63,6240,四年,普通本科批B段,https://zsdata.sicau.edu.cn/zsdata/lqxx/#/lnfs,https://zsdata.sicau.edu.cn/zsdata/lqxx/#/lnfs,5878e4613784b774dfd598adfc27529986fe0b59a99ad8d478e3995d672e3915,school_verified
,四川农业大学,102,四川农业大学物理类102组,082504,环境生态工程,物理类,物理,物理、化学,27,6240,四年,普通本科批B段,https://zsdata.sicau.edu.cn/zsdata/lqxx/#/lnfs,https://zsdata.sicau.edu.cn/zsdata/lqxx/#/lnfs,5878e4613784b774dfd598adfc27529986fe0b59a99ad8d478e3995d672e3915,school_verified
,四川农业大学,102,四川农业大学物理类102组,082702,食品质量与安全,物理类,物理,物理、化学,52,6240,四年,普通本科批B段,https://zsdata.sicau.edu.cn/zsdata/lqxx/#/lnfs,https://zsdata.sicau.edu.cn/zsdata/lqxx/#/lnfs,5878e4613784b774dfd598adfc27529986fe0b59a99ad8d478e3995d672e3915,school_verified
,四川农业大学,102,四川农业大学物理类102组,070303,化学生物学,物理类,物理,物理、化学,65,6240,四年,普通本科批B段,https://zsdata.sicau.edu.cn/zsdata/lqxx/#/lnfs,https://zsdata.sicau.edu.cn/zsdata/lqxx/#/lnfs,5878e4613784b774dfd598adfc27529986fe0b59a99ad8d478e3995d672e3915,school_verified
,四川农业大学,102,四川农业大学物理类102组,082402,木材科学与工程,物理类,物理,物理、化学,24,6240,四年,普通本科批B段,https://zsdata.sicau.edu.cn/zsdata/lqxx/#/lnfs,https://zsdata.sicau.edu.cn/zsdata/lqxx/#/lnfs,5878e4613784b774dfd598adfc27529986fe0b59a99ad8d478e3995d672e3915,school_verified
,四川农业大学,102,四川农业大学物理类102组,082302,农业机械化及其自动化,物理类,物理,物理、化学,72,6240,四年,普通本科批B段,https://zsdata.sicau.edu.cn/zsdata/lqxx/#/lnfs,https://zsdata.sicau.edu.cn/zsdata/lqxx/#/lnfs,5878e4613784b774dfd598adfc27529986fe0b59a99ad8d478e3995d672e3915,school_verified
,四川农业大学,102,四川农业大学物理类102组,080501,能源与动力工程,物理类,物理,物理、化学,62,6240,四年,普通本科批B段,https://zsdata.sicau.edu.cn/zsdata/lqxx/#/lnfs,https://zsdata.sicau.edu.cn/zsdata/lqxx/#/lnfs,5878e4613784b774dfd598adfc27529986fe0b59a99ad8d478e3995d672e3915,school_verified
,四川农业大学,102,四川农业大学物理类102组,070102,信息与计算科学,物理类,物理,物理、化学,68,6240,四年,普通本科批B段,https://zsdata.sicau.edu.cn/zsdata/lqxx/#/lnfs,https://zsdata.sicau.edu.cn/zsdata/lqxx/#/lnfs,5878e4613784b774dfd598adfc27529986fe0b59a99ad8d478e3995d672e3915,school_verified
,四川农业大学,102,四川农业大学物理类102组,082710,食品营养与健康,物理类,物理,物理、化学,64,6240,四年,普通本科批B段,https://zsdata.sicau.edu.cn/zsdata/lqxx/#/lnfs,https://zsdata.sicau.edu.cn/zsdata/lqxx/#/lnfs,5878e4613784b774dfd598adfc27529986fe0b59a99ad8d478e3995d672e3915,school_verified
,四川农业大学,102,四川农业大学物理类102组,081001,土木工程,物理类,物理,物理、化学,60,6240,四年,普通本科批B段,https://zsdata.sicau.edu.cn/zsdata/lqxx/#/lnfs,https://zsdata.sicau.edu.cn/zsdata/lqxx/#/lnfs,5878e4613784b774dfd598adfc27529986fe0b59a99ad8d478e3995d672e3915,school_verified
,四川农业大学,102,四川农业大学物理类102组,081101,水利水电工程,物理类,物理,物理、化学,89,6240,四年,普通本科批B段,https://zsdata.sicau.edu.cn/zsdata/lqxx/#/lnfs,https://zsdata.sicau.edu.cn/zsdata/lqxx/#/lnfs,5878e4613784b774dfd598adfc27529986fe0b59a99ad8d478e3995d672e3915,school_verified
,四川农业大学,102,四川农业大学物理类102组,083001,生物工程,物理类,物理,物理、化学,49,6240,四年,普通本科批B段,https://zsdata.sicau.edu.cn/zsdata/lqxx/#/lnfs,https://zsdata.sicau.edu.cn/zsdata/lqxx/#/lnfs,5878e4613784b774dfd598adfc27529986fe0b59a99ad8d478e3995d672e3915,school_verified
,四川农业大学,102,四川农业大学物理类102组,071001,生物科学,物理类,物理,物理、化学,58,6240,四年,普通本科批B段,https://zsdata.sicau.edu.cn/zsdata/lqxx/#/lnfs,https://zsdata.sicau.edu.cn/zsdata/lqxx/#/lnfs,5878e4613784b774dfd598adfc27529986fe0b59a99ad8d478e3995d672e3915,school_verified
,四川农业大学,102,四川农业大学物理类102组,082502,环境工程,物理类,物理,物理、化学,85,6240,四年,普通本科批B段,https://zsdata.sicau.edu.cn/zsdata/lqxx/#/lnfs,https://zsdata.sicau.edu.cn/zsdata/lqxx/#/lnfs,5878e4613784b774dfd598adfc27529986fe0b59a99ad8d478e3995d672e3915,school_verified
,四川农业大学,102,四川农业大学物理类102组,080901,计算机科学与技术,物理类,物理,物理、化学,90,6240,四年,普通本科批B段,https://zsdata.sicau.edu.cn/zsdata/lqxx/#/lnfs,https://zsdata.sicau.edu.cn/zsdata/lqxx/#/lnfs,5878e4613784b774dfd598adfc27529986fe0b59a99ad8d478e3995d672e3915,school_verified
,四川农业大学,102,四川农业大学物理类102组,081006,道路桥梁与渡河工程,物理类,物理,物理、化学,65,6240,四年,普通本科批B段,https://zsdata.sicau.edu.cn/zsdata/lqxx/#/lnfs,https://zsdata.sicau.edu.cn/zsdata/lqxx/#/lnfs,5878e4613784b774dfd598adfc27529986fe0b59a99ad8d478e3995d672e3915,school_verified
,四川农业大学,102,四川农业大学物理类102组,071002,生物技术,物理类,物理,物理、化学,58,6240,四年,普通本科批B段,https://zsdata.sicau.edu.cn/zsdata/lqxx/#/lnfs,https://zsdata.sicau.edu.cn/zsdata/lqxx/#/lnfs,5878e4613784b774dfd598adfc27529986fe0b59a99ad8d478e3995d672e3915,school_verified
,四川农业大学,102,四川农业大学物理类102组,070504,地理信息科学,物理类,物理,化学,67,6240,四年,普通本科批B段,https://zsdata.sicau.edu.cn/zsdata/lqxx/#/lnfs,https://zsdata.sicau.edu.cn/zsdata/lqxx/#/lnfs,5878e4613784b774dfd598adfc27529986fe0b59a99ad8d478e3995d672e3915,school_verified
,四川农业大学,102,四川农业大学物理类102组,120404,土地资源管理,物理类,物理,化学,53,5760,四年,普通本科批B段,https://zsdata.sicau.edu.cn/zsdata/lqxx/#/lnfs,https://zsdata.sicau.edu.cn/zsdata/lqxx/#/lnfs,5878e4613784b774dfd598adfc27529986fe0b59a99ad8d478e3995d672e3915,school_verified
,四川农业大学,103,四川农业大学物理类103组,120105,工程造价,物理类,物理,物理,67,5760,四年,普通本科批B段,https://zsdata.sicau.edu.cn/zsdata/lqxx/#/lnfs,https://zsdata.sicau.edu.cn/zsdata/lqxx/#/lnfs,5878e4613784b774dfd598adfc27529986fe0b59a99ad8d478e3995d672e3915,school_verified
,四川农业大学,103,四川农业大学物理类103组,020101,经济学,物理类,物理,不限,16,5760,四年,普通本科批B段,https://zsdata.sicau.edu.cn/zsdata/lqxx/#/lnfs,https://zsdata.sicau.edu.cn/zsdata/lqxx/#/lnfs,5878e4613784b774dfd598adfc27529986fe0b59a99ad8d478e3995d672e3915,school_verified
,四川农业大学,103,四川农业大学物理类103组,020304,投资学,物理类,物理,不限,21,5760,四年,普通本科批B段,https://zsdata.sicau.edu.cn/zsdata/lqxx/#/lnfs,https://zsdata.sicau.edu.cn/zsdata/lqxx/#/lnfs,5878e4613784b774dfd598adfc27529986fe0b59a99ad8d478e3995d672e3915,school_verified
,四川农业大学,103,四川农业大学物理类103组,030101,法学,物理类,物理,不限,28,5760,四年,普通本科批B段,https://zsdata.sicau.edu.cn/zsdata/lqxx/#/lnfs,https://zsdata.sicau.edu.cn/zsdata/lqxx/#/lnfs,5878e4613784b774dfd598adfc27529986fe0b59a99ad8d478e3995d672e3915,school_verified
,四川农业大学,103,四川农业大学物理类103组,120201,工商管理,物理类,物理,不限,26,5760,四年,普通本科批B段,https://zsdata.sicau.edu.cn/zsdata/lqxx/#/lnfs,https://zsdata.sicau.edu.cn/zsdata/lqxx/#/lnfs,5878e4613784b774dfd598adfc27529986fe0b59a99ad8d478e3995d672e3915,school_verified
,四川农业大学,103,四川农业大学物理类103组,120901,旅游管理,物理类,物理,不限,6,5760,四年,普通本科批B段,https://zsdata.sicau.edu.cn/zsdata/lqxx/#/lnfs,https://zsdata.sicau.edu.cn/zsdata/lqxx/#/lnfs,5878e4613784b774dfd598adfc27529986fe0b59a99ad8d478e3995d672e3915,school_verified
,四川农业大学,103,四川农业大学物理类103组,082801,建筑学,物理类,物理,不限,28,6240,五年,普通本科批B段,https://zsdata.sicau.edu.cn/zsdata/lqxx/#/lnfs,https://zsdata.sicau.edu.cn/zsdata/lqxx/#/lnfs,5878e4613784b774dfd598adfc27529986fe0b59a99ad8d478e3995d672e3915,school_verified
,四川农业大学,103,四川农业大学物理类103组,082802,城乡规划,物理类,物理,不限,67,6240,五年,普通本科批B段,https://zsdata.sicau.edu.cn/zsdata/lqxx/#/lnfs,https://zsdata.sicau.edu.cn/zsdata/lqxx/#/lnfs,5878e4613784b774dfd598adfc27529986fe0b59a99ad8d478e3995d672e3915,school_verified
,四川农业大学,103,四川农业大学物理类103组,120204,财务管理,物理类,物理,不限,42,5760,四年,普通本科批B段,https://zsdata.sicau.edu.cn/zsdata/lqxx/#/lnfs,https://zsdata.sicau.edu.cn/zsdata/lqxx/#/lnfs,5878e4613784b774dfd598adfc27529986fe0b59a99ad8d478e3995d672e3915,school_verified
,四川农业大学,103,四川农业大学物理类103组,020301,金融学,物理类,物理,不限,23,5760,四年,普通本科批B段,https://zsdata.sicau.edu.cn/zsdata/lqxx/#/lnfs,https://zsdata.sicau.edu.cn/zsdata/lqxx/#/lnfs,5878e4613784b774dfd598adfc27529986fe0b59a99ad8d478e3995d672e3915,school_verified
,四川农业大学,103,四川农业大学物理类103组,120207,审计学,物理类,物理,不限,34,5760,四年,普通本科批B段,https://zsdata.sicau.edu.cn/zsdata/lqxx/#/lnfs,https://zsdata.sicau.edu.cn/zsdata/lqxx/#/lnfs,5878e4613784b774dfd598adfc27529986fe0b59a99ad8d478e3995d672e3915,school_verified
,四川农业大学,103,四川农业大学物理类103组,120302,农村区域发展,物理类,物理,不限,16,5760,四年,普通本科批B段,https://zsdata.sicau.edu.cn/zsdata/lqxx/#/lnfs,https://zsdata.sicau.edu.cn/zsdata/lqxx/#/lnfs,5878e4613784b774dfd598adfc27529986fe0b59a99ad8d478e3995d672e3915,school_verified
,四川农业大学,103,四川农业大学物理类103组,120301,农林经济管理,物理类,物理,不限,35,5760,四年,普通本科批B段,https://zsdata.sicau.edu.cn/zsdata/lqxx/#/lnfs,https://zsdata.sicau.edu.cn/zsdata/lqxx/#/lnfs,5878e4613784b774dfd598adfc27529986fe0b59a99ad8d478e3995d672e3915,school_verified
,四川农业大学,103,四川农业大学物理类103组,120203,会计学,物理类,物理,不限,30,5760,四年,普通本科批B段,https://zsdata.sicau.edu.cn/zsdata/lqxx/#/lnfs,https://zsdata.sicau.edu.cn/zsdata/lqxx/#/lnfs,5878e4613784b774dfd598adfc27529986fe0b59a99ad8d478e3995d672e3915,school_verified
,四川农业大学,103,四川农业大学物理类103组,050201,英语,物理类,物理,不限,8,5760,四年,普通本科批B段,https://zsdata.sicau.edu.cn/zsdata/lqxx/#/lnfs,https://zsdata.sicau.edu.cn/zsdata/lqxx/#/lnfs,5878e4613784b774dfd598adfc27529986fe0b59a99ad8d478e3995d672e3915,school_verified
,四川农业大学,103,四川农业大学物理类103组,050261,翻译,物理类,物理,不限,5,5760,四年,普通本科批B段,https://zsdata.sicau.edu.cn/zsdata/lqxx/#/lnfs,https://zsdata.sicau.edu.cn/zsdata/lqxx/#/lnfs,5878e4613784b774dfd598adfc27529986fe0b59a99ad8d478e3995d672e3915,school_verified
,四川农业大学,103,四川农业大学物理类103组,082803,风景园林,物理类,物理,不限,24,6240,五年,普通本科批B段,https://zsdata.sicau.edu.cn/zsdata/lqxx/#/lnfs,https://zsdata.sicau.edu.cn/zsdata/lqxx/#/lnfs,5878e4613784b774dfd598adfc27529986fe0b59a99ad8d478e3995d672e3915,school_verified
,四川农业大学,103,四川农业大学物理类103组,030302,社会工作,物理类,物理,不限,6,5760,四年,普通本科批B段,https://zsdata.sicau.edu.cn/zsdata/lqxx/#/lnfs,https://zsdata.sicau.edu.cn/zsdata/lqxx/#/lnfs,5878e4613784b774dfd598adfc27529986fe0b59a99ad8d478e3995d672e3915,school_verified
,四川农业大学,103,四川农业大学物理类103组,120206,人力资源管理,物理类,物理,不限,10,5760,四年,普通本科批B段,https://zsdata.sicau.edu.cn/zsdata/lqxx/#/lnfs,https://zsdata.sicau.edu.cn/zsdata/lqxx/#/lnfs,5878e4613784b774dfd598adfc27529986fe0b59a99ad8d478e3995d672e3915,school_verified
,四川农业大学,104,四川农业大学物理类104组,090502,园林,物理类,物理,生物,58,5760,四年,普通本科批B段,https://zsdata.sicau.edu.cn/zsdata/lqxx/#/lnfs,https://zsdata.sicau.edu.cn/zsdata/lqxx/#/lnfs,5878e4613784b774dfd598adfc27529986fe0b59a99ad8d478e3995d672e3915,school_verified
,四川农业大学,105,四川农业大学历史类105组,030302,社会工作,历史类,历史,不限,9,5760,四年,普通本科批B段,https://zsdata.sicau.edu.cn/zsdata/lqxx/#/lnfs,https://zsdata.sicau.edu.cn/zsdata/lqxx/#/lnfs,c4a8a8aff8f0fa05f11f19dfc148e5a496096989cffe2c88b47b2648bda0a20f,school_verified
,四川农业大学,105,四川农业大学历史类105组,020101,经济学,历史类,历史,不限,25,5760,四年,普通本科批B段,https://zsdata.sicau.edu.cn/zsdata/lqxx/#/lnfs,https://zsdata.sicau.edu.cn/zsdata/lqxx/#/lnfs,c4a8a8aff8f0fa05f11f19dfc148e5a496096989cffe2c88b47b2648bda0a20f,school_verified
,四川农业大学,105,四川农业大学历史类105组,050101,汉语言文学,历史类,历史,不限,73,5760,四年,普通本科批B段,https://zsdata.sicau.edu.cn/zsdata/lqxx/#/lnfs,https://zsdata.sicau.edu.cn/zsdata/lqxx/#/lnfs,c4a8a8aff8f0fa05f11f19dfc148e5a496096989cffe2c88b47b2648bda0a20f,school_verified
,四川农业大学,105,四川农业大学历史类105组,050201,英语,历史类,历史,不限,14,5760,四年,普通本科批B段,https://zsdata.sicau.edu.cn/zsdata/lqxx/#/lnfs,https://zsdata.sicau.edu.cn/zsdata/lqxx/#/lnfs,c4a8a8aff8f0fa05f11f19dfc148e5a496096989cffe2c88b47b2648bda0a20f,school_verified
,四川农业大学,105,四川农业大学历史类105组,120901,旅游管理,历史类,历史,不限,9,5760,四年,普通本科批B段,https://zsdata.sicau.edu.cn/zsdata/lqxx/#/lnfs,https://zsdata.sicau.edu.cn/zsdata/lqxx/#/lnfs,c4a8a8aff8f0fa05f11f19dfc148e5a496096989cffe2c88b47b2648bda0a20f,school_verified
,四川农业大学,105,四川农业大学历史类105组,120201,工商管理,历史类,历史,不限,41,5760,四年,普通本科批B段,https://zsdata.sicau.edu.cn/zsdata/lqxx/#/lnfs,https://zsdata.sicau.edu.cn/zsdata/lqxx/#/lnfs,c4a8a8aff8f0fa05f11f19dfc148e5a496096989cffe2c88b47b2648bda0a20f,school_verified
,四川农业大学,105,四川农业大学历史类105组,120204,财务管理,历史类,历史,不限,65,5760,四年,普通本科批B段,https://zsdata.sicau.edu.cn/zsdata/lqxx/#/lnfs,https://zsdata.sicau.edu.cn/zsdata/lqxx/#/lnfs,c4a8a8aff8f0fa05f11f19dfc148e5a496096989cffe2c88b47b2648bda0a20f,school_verified
,四川农业大学,105,四川农业大学历史类105组,082803,风景园林,历史类,历史,不限,37,6240,五年,普通本科批B段,https://zsdata.sicau.edu.cn/zsdata/lqxx/#/lnfs,https://zsdata.sicau.edu.cn/zsdata/lqxx/#/lnfs,c4a8a8aff8f0fa05f11f19dfc148e5a496096989cffe2c88b47b2648bda0a20f,school_verified
,四川农业大学,105,四川农业大学历史类105组,050261,翻译,历史类,历史,不限,9,5760,四年,普通本科批B段,https://zsdata.sicau.edu.cn/zsdata/lqxx/#/lnfs,https://zsdata.sicau.edu.cn/zsdata/lqxx/#/lnfs,c4a8a8aff8f0fa05f11f19dfc148e5a496096989cffe2c88b47b2648bda0a20f,school_verified
,四川农业大学,105,四川农业大学历史类105组,020304,投资学,历史类,历史,不限,33,5760,四年,普通本科批B段,https://zsdata.sicau.edu.cn/zsdata/lqxx/#/lnfs,https://zsdata.sicau.edu.cn/zsdata/lqxx/#/lnfs,c4a8a8aff8f0fa05f11f19dfc148e5a496096989cffe2c88b47b2648bda0a20f,school_verified
,四川农业大学,105,四川农业大学历史类105组,120203,会计学,历史类,历史,不限,45,5760,四年,普通本科批B段,https://zsdata.sicau.edu.cn/zsdata/lqxx/#/lnfs,https://zsdata.sicau.edu.cn/zsdata/lqxx/#/lnfs,c4a8a8aff8f0fa05f11f19dfc148e5a496096989cffe2c88b47b2648bda0a20f,school_verified
,四川农业大学,105,四川农业大学历史类105组,020301,金融学,历史类,历史,不限,35,5760,四年,普通本科批B段,https://zsdata.sicau.edu.cn/zsdata/lqxx/#/lnfs,https://zsdata.sicau.edu.cn/zsdata/lqxx/#/lnfs,c4a8a8aff8f0fa05f11f19dfc148e5a496096989cffe2c88b47b2648bda0a20f,school_verified
,四川农业大学,105,四川农业大学历史类105组,120302,农村区域发展,历史类,历史,不限,25,5760,四年,普通本科批B段,https://zsdata.sicau.edu.cn/zsdata/lqxx/#/lnfs,https://zsdata.sicau.edu.cn/zsdata/lqxx/#/lnfs,c4a8a8aff8f0fa05f11f19dfc148e5a496096989cffe2c88b47b2648bda0a20f,school_verified
,四川农业大学,105,四川农业大学历史类105组,120301,农林经济管理,历史类,历史,不限,54,5760,四年,普通本科批B段,https://zsdata.sicau.edu.cn/zsdata/lqxx/#/lnfs,https://zsdata.sicau.edu.cn/zsdata/lqxx/#/lnfs,c4a8a8aff8f0fa05f11f19dfc148e5a496096989cffe2c88b47b2648bda0a20f,school_verified
,四川农业大学,105,四川农业大学历史类105组,120207,审计学,历史类,历史,不限,53,5760,四年,普通本科批B段,https://zsdata.sicau.edu.cn/zsdata/lqxx/#/lnfs,https://zsdata.sicau.edu.cn/zsdata/lqxx/#/lnfs,c4a8a8aff8f0fa05f11f19dfc148e5a496096989cffe2c88b47b2648bda0a20f,school_verified
,四川农业大学,105,四川农业大学历史类105组,120206,人力资源管理,历史类,历史,不限,17,5760,四年,普通本科批B段,https://zsdata.sicau.edu.cn/zsdata/lqxx/#/lnfs,https://zsdata.sicau.edu.cn/zsdata/lqxx/#/lnfs,c4a8a8aff8f0fa05f11f19dfc148e5a496096989cffe2c88b47b2648bda0a20f,school_verified
,四川农业大学,105,四川农业大学历史类105组,030101,法学,历史类,历史,不限,43,5760,四年,普通本科批B段,https://zsdata.sicau.edu.cn/zsdata/lqxx/#/lnfs,https://zsdata.sicau.edu.cn/zsdata/lqxx/#/lnfs,c4a8a8aff8f0fa05f11f19dfc148e5a496096989cffe2c88b47b2648bda0a20f,school_verified
,成都信息工程大学,101,成都信息工程大学历史类101组,120203,会计学,历史类,历史,不限,22,5760,,普通本科批B段,https://zs.cuit.edu.cn/info/1096/1498.htm,"https://zs.cuit.edu.cn/info/1096/1498.htm
https://zs.cuit.edu.cn/info/1022/1579.htm",c4daab8a317df74f721697c96dba98bf20cfc4c9b2cb84843a71e591dd3668cc,school_verified
,成都信息工程大学,101,成都信息工程大学历史类101组,120204,财务管理,历史类,历史,不限,21,5760,,普通本科批B段,https://zs.cuit.edu.cn/info/1096/1498.htm,"https://zs.cuit.edu.cn/info/1096/1498.htm
https://zs.cuit.edu.cn/info/1022/1579.htm",c4daab8a317df74f721697c96dba98bf20cfc4c9b2cb84843a71e591dd3668cc,school_verified
,成都信息工程大学,101,成都信息工程大学历史类101组,050201,英语,历史类,历史,不限,66,5760,,普通本科批B段,https://zs.cuit.edu.cn/info/1096/1498.htm,"https://zs.cuit.edu.cn/info/1096/1498.htm
https://zs.cuit.edu.cn/info/1022/1579.htm",c4daab8a317df74f721697c96dba98bf20cfc4c9b2cb84843a71e591dd3668cc,school_verified
,成都信息工程大学,101,成都信息工程大学历史类101组,0501,中国语言文学类,历史类,历史,不限,60,5760,,普通本科批B段,https://zs.cuit.edu.cn/info/1096/1498.htm,"https://zs.cuit.edu.cn/info/1096/1498.htm
https://zs.cuit.edu.cn/info/1022/1579.htm",c4daab8a317df74f721697c96dba98bf20cfc4c9b2cb84843a71e591dd3668cc,school_verified
,成都信息工程大学,102,成都信息工程大学历史类102组,120206,人力资源管理,历史类,历史,不限,63,5760,,普通本科批B段,https://zs.cuit.edu.cn/info/1096/1498.htm,"https://zs.cuit.edu.cn/info/1096/1498.htm
https://zs.cuit.edu.cn/info/1022/1579.htm",c4daab8a317df74f721697c96dba98bf20cfc4c9b2cb84843a71e591dd3668cc,school_verified
,成都信息工程大学,102,成都信息工程大学历史类102组,120202,市场营销,历史类,历史,不限,49,5760,,普通本科批B段,https://zs.cuit.edu.cn/info/1096/1498.htm,"https://zs.cuit.edu.cn/info/1096/1498.htm
https://zs.cuit.edu.cn/info/1022/1579.htm",c4daab8a317df74f721697c96dba98bf20cfc4c9b2cb84843a71e591dd3668cc,school_verified
,成都信息工程大学,102,成都信息工程大学历史类102组,120901,旅游管理,历史类,历史,不限,41,5760,,普通本科批B段,https://zs.cuit.edu.cn/info/1096/1498.htm,"https://zs.cuit.edu.cn/info/1096/1498.htm
https://zs.cuit.edu.cn/info/1022/1579.htm",c4daab8a317df74f721697c96dba98bf20cfc4c9b2cb84843a71e591dd3668cc,school_verified
,成都信息工程大学,102,成都信息工程大学历史类102组,020401,国际经济与贸易,历史类,历史,不限,55,5760,,普通本科批B段,https://zs.cuit.edu.cn/info/1096/1498.htm,"https://zs.cuit.edu.cn/info/1096/1498.htm
https://zs.cuit.edu.cn/info/1022/1579.htm",c4daab8a317df74f721697c96dba98bf20cfc4c9b2cb84843a71e591dd3668cc,school_verified
,成都信息工程大学,102,成都信息工程大学历史类102组,120601,物流管理,历史类,历史,不限,46,5760,,普通本科批B段,https://zs.cuit.edu.cn/info/1096/1498.htm,"https://zs.cuit.edu.cn/info/1096/1498.htm
https://zs.cuit.edu.cn/info/1022/1579.htm",c4daab8a317df74f721697c96dba98bf20cfc4c9b2cb84843a71e591dd3668cc,school_verified
,成都信息工程大学,102,成都信息工程大学历史类102组,120604,供应链管理,历史类,历史,不限,65,5760,,普通本科批B段,https://zs.cuit.edu.cn/info/1096/1498.htm,"https://zs.cuit.edu.cn/info/1096/1498.htm
https://zs.cuit.edu.cn/info/1022/1579.htm",c4daab8a317df74f721697c96dba98bf20cfc4c9b2cb84843a71e591dd3668cc,school_verified
,成都信息工程大学,102,成都信息工程大学历史类102组,120801,电子商务,历史类,历史,不限,62,5760,,普通本科批B段,https://zs.cuit.edu.cn/info/1096/1498.htm,"https://zs.cuit.edu.cn/info/1096/1498.htm
https://zs.cuit.edu.cn/info/1022/1579.htm",c4daab8a317df74f721697c96dba98bf20cfc4c9b2cb84843a71e591dd3668cc,school_verified
,成都信息工程大学,105,成都信息工程大学历史类105组,030302,社会工作,历史类,历史,不限,23,5760,,普通本科批B段,https://zs.cuit.edu.cn/info/1096/1498.htm,"https://zs.cuit.edu.cn/info/1096/1498.htm
https://zs.cuit.edu.cn/info/1022/1579.htm",c4daab8a317df74f721697c96dba98bf20cfc4c9b2cb84843a71e591dd3668cc,school_verified
,成都信息工程大学,103,成都信息工程大学历史类103组,120203,会计学(ACCA),历史类,历史,不限,72,5760,,普通本科批B段,https://zs.cuit.edu.cn/info/1096/1498.htm,"https://zs.cuit.edu.cn/info/1096/1498.htm
https://zs.cuit.edu.cn/info/1022/1579.htm",c4daab8a317df74f721697c96dba98bf20cfc4c9b2cb84843a71e591dd3668cc,school_verified
,成都信息工程大学,104,成都信息工程大学历史类104组,020401,国际经济与贸易(中高),历史类,历史,不限,11,5760,,普通本科批B段,https://zs.cuit.edu.cn/info/1096/1498.htm,"https://zs.cuit.edu.cn/info/1096/1498.htm
https://zs.cuit.edu.cn/info/1022/1579.htm",c4daab8a317df74f721697c96dba98bf20cfc4c9b2cb84843a71e591dd3668cc,school_verified
,成都信息工程大学,106,成都信息工程大学历史类106组,070504,地理信息科学,历史类,历史,地理,12,6240,,普通本科批B段,https://zs.cuit.edu.cn/info/1096/1498.htm,"https://zs.cuit.edu.cn/info/1096/1498.htm
https://zs.cuit.edu.cn/info/1022/1579.htm",c4daab8a317df74f721697c96dba98bf20cfc4c9b2cb84843a71e591dd3668cc,school_verified
,成都信息工程大学,103,成都信息工程大学物理类103组,070601,大气科学(英才班),物理类,物理,化学,8,6240,,普通本科批B段,https://zs.cuit.edu.cn/info/1096/1498.htm,"https://zs.cuit.edu.cn/info/1096/1498.htm
https://zs.cuit.edu.cn/info/1022/1579.htm",c4daab8a317df74f721697c96dba98bf20cfc4c9b2cb84843a71e591dd3668cc,school_verified
,成都信息工程大学,104,成都信息工程大学物理类104组,080701,电子信息工程,物理类,物理,化学,156,6240,,普通本科批B段,https://zs.cuit.edu.cn/info/1096/1498.htm,"https://zs.cuit.edu.cn/info/1096/1498.htm
https://zs.cuit.edu.cn/info/1022/1579.htm",c4daab8a317df74f721697c96dba98bf20cfc4c9b2cb84843a71e591dd3668cc,school_verified
,成都信息工程大学,104,成都信息工程大学物理类104组,080901,计算机科学与技术,物理类,物理,化学,176,6240,,普通本科批B段,https://zs.cuit.edu.cn/info/1096/1498.htm,"https://zs.cuit.edu.cn/info/1096/1498.htm
https://zs.cuit.edu.cn/info/1022/1579.htm",c4daab8a317df74f721697c96dba98bf20cfc4c9b2cb84843a71e591dd3668cc,school_verified
,成都信息工程大学,104,成都信息工程大学物理类104组,080902,软件工程,物理类,物理,化学,159,6240,,普通本科批B段,https://zs.cuit.edu.cn/info/1096/1498.htm,"https://zs.cuit.edu.cn/info/1096/1498.htm
https://zs.cuit.edu.cn/info/1022/1579.htm",c4daab8a317df74f721697c96dba98bf20cfc4c9b2cb84843a71e591dd3668cc,school_verified
,成都信息工程大学,104,成都信息工程大学物理类104组,080904,信息安全,物理类,物理,化学,122,6240,,普通本科批B段,https://zs.cuit.edu.cn/info/1096/1498.htm,"https://zs.cuit.edu.cn/info/1096/1498.htm
https://zs.cuit.edu.cn/info/1022/1579.htm",c4daab8a317df74f721697c96dba98bf20cfc4c9b2cb84843a71e591dd3668cc,school_verified
,成都信息工程大学,105,成都信息工程大学物理类105组,070601,大气科学,物理类,物理,化学,97,6240,,普通本科批B段,https://zs.cuit.edu.cn/info/1096/1498.htm,"https://zs.cuit.edu.cn/info/1096/1498.htm
https://zs.cuit.edu.cn/info/1022/1579.htm",c4daab8a317df74f721697c96dba98bf20cfc4c9b2cb84843a71e591dd3668cc,school_verified
,成都信息工程大学,105,成都信息工程大学物理类105组,080714,电子信息科学与技术,物理类,物理,化学,126,6240,,普通本科批B段,https://zs.cuit.edu.cn/info/1096/1498.htm,"https://zs.cuit.edu.cn/info/1096/1498.htm
https://zs.cuit.edu.cn/info/1022/1579.htm",c4daab8a317df74f721697c96dba98bf20cfc4c9b2cb84843a71e591dd3668cc,school_verified
,成都信息工程大学,105,成都信息工程大学物理类105组,080906,数字媒体技术,物理类,物理,化学,59,6240,,普通本科批B段,https://zs.cuit.edu.cn/info/1096/1498.htm,"https://zs.cuit.edu.cn/info/1096/1498.htm
https://zs.cuit.edu.cn/info/1022/1579.htm",c4daab8a317df74f721697c96dba98bf20cfc4c9b2cb84843a71e591dd3668cc,school_verified
,成都信息工程大学,105,成都信息工程大学物理类105组,080910,数据科学与大数据技术,物理类,物理,化学,69,6240,,普通本科批B段,https://zs.cuit.edu.cn/info/1096/1498.htm,"https://zs.cuit.edu.cn/info/1096/1498.htm
https://zs.cuit.edu.cn/info/1022/1579.htm",c4daab8a317df74f721697c96dba98bf20cfc4c9b2cb84843a71e591dd3668cc,school_verified
,成都信息工程大学,105,成都信息工程大学物理类105组,080703,通信工程,物理类,物理,化学,155,6240,,普通本科批B段,https://zs.cuit.edu.cn/info/1096/1498.htm,"https://zs.cuit.edu.cn/info/1096/1498.htm
https://zs.cuit.edu.cn/info/1022/1579.htm",c4daab8a317df74f721697c96dba98bf20cfc4c9b2cb84843a71e591dd3668cc,school_verified
,成都信息工程大学,105,成都信息工程大学物理类105组,080601,电气工程及其自动化,物理类,物理,化学,117,6240,,普通本科批B段,https://zs.cuit.edu.cn/info/1096/1498.htm,"https://zs.cuit.edu.cn/info/1096/1498.htm
https://zs.cuit.edu.cn/info/1022/1579.htm",c4daab8a317df74f721697c96dba98bf20cfc4c9b2cb84843a71e591dd3668cc,school_verified
,成都信息工程大学,106,成都信息工程大学物理类106组,080907,智能科学与技术,物理类,物理,化学,70,6240,,普通本科批B段,https://zs.cuit.edu.cn/info/1096/1498.htm,"https://zs.cuit.edu.cn/info/1096/1498.htm
https://zs.cuit.edu.cn/info/1022/1579.htm",c4daab8a317df74f721697c96dba98bf20cfc4c9b2cb84843a71e591dd3668cc,school_verified
,成都信息工程大学,106,成都信息工程大学物理类106组,080717,人工智能,物理类,物理,化学,66,6240,,普通本科批B段,https://zs.cuit.edu.cn/info/1096/1498.htm,"https://zs.cuit.edu.cn/info/1096/1498.htm
https://zs.cuit.edu.cn/info/1022/1579.htm",c4daab8a317df74f721697c96dba98bf20cfc4c9b2cb84843a71e591dd3668cc,school_verified
,成都信息工程大学,109,成都信息工程大学物理类109组,080918,密码科学与技术,物理类,物理,化学,44,6240,,普通本科批B段,https://zs.cuit.edu.cn/info/1096/1498.htm,"https://zs.cuit.edu.cn/info/1096/1498.htm
https://zs.cuit.edu.cn/info/1022/1579.htm",c4daab8a317df74f721697c96dba98bf20cfc4c9b2cb84843a71e591dd3668cc,school_verified
,成都信息工程大学,106,成都信息工程大学物理类106组,080917,区块链工程,物理类,物理,化学,60,6240,,普通本科批B段,https://zs.cuit.edu.cn/info/1096/1498.htm,"https://zs.cuit.edu.cn/info/1096/1498.htm
https://zs.cuit.edu.cn/info/1022/1579.htm",c4daab8a317df74f721697c96dba98bf20cfc4c9b2cb84843a71e591dd3668cc,school_verified
,成都信息工程大学,106,成都信息工程大学物理类106组,080908,空间信息与数字技术,物理类,物理,化学,68,6240,,普通本科批B段,https://zs.cuit.edu.cn/info/1096/1498.htm,"https://zs.cuit.edu.cn/info/1096/1498.htm
https://zs.cuit.edu.cn/info/1022/1579.htm",c4daab8a317df74f721697c96dba98bf20cfc4c9b2cb84843a71e591dd3668cc,school_verified
,成都信息工程大学,106,成都信息工程大学物理类106组,080903,网络工程,物理类,物理,化学,51,6240,,普通本科批B段,https://zs.cuit.edu.cn/info/1096/1498.htm,"https://zs.cuit.edu.cn/info/1096/1498.htm
https://zs.cuit.edu.cn/info/1022/1579.htm",c4daab8a317df74f721697c96dba98bf20cfc4c9b2cb84843a71e591dd3668cc,school_verified
,成都信息工程大学,107,成都信息工程大学物理类107组,080301,测控技术与仪器,物理类,物理,化学,22,6240,,普通本科批B段,https://zs.cuit.edu.cn/info/1096/1498.htm,"https://zs.cuit.edu.cn/info/1096/1498.htm
https://zs.cuit.edu.cn/info/1022/1579.htm",c4daab8a317df74f721697c96dba98bf20cfc4c9b2cb84843a71e591dd3668cc,school_verified
,成都信息工程大学,107,成都信息工程大学物理类107组,080702,电子科学与技术,物理类,物理,化学,132,6240,,普通本科批B段,https://zs.cuit.edu.cn/info/1096/1498.htm,"https://zs.cuit.edu.cn/info/1096/1498.htm
https://zs.cuit.edu.cn/info/1022/1579.htm",c4daab8a317df74f721697c96dba98bf20cfc4c9b2cb84843a71e591dd3668cc,school_verified
,成都信息工程大学,107,成都信息工程大学物理类107组,080705,光电信息科学与工程,物理类,物理,化学,62,6240,,普通本科批B段,https://zs.cuit.edu.cn/info/1096/1498.htm,"https://zs.cuit.edu.cn/info/1096/1498.htm
https://zs.cuit.edu.cn/info/1022/1579.htm",c4daab8a317df74f721697c96dba98bf20cfc4c9b2cb84843a71e591dd3668cc,school_verified
,成都信息工程大学,107,成都信息工程大学物理类107组,080704,微电子科学与工程,物理类,物理,化学,61,6240,,普通本科批B段,https://zs.cuit.edu.cn/info/1096/1498.htm,"https://zs.cuit.edu.cn/info/1096/1498.htm
https://zs.cuit.edu.cn/info/1022/1579.htm",c4daab8a317df74f721697c96dba98bf20cfc4c9b2cb84843a71e591dd3668cc,school_verified
,成都信息工程大学,107,成都信息工程大学物理类107组,080710,集成电路设计与集成系统,物理类,物理,化学,63,6240,,普通本科批B段,https://zs.cuit.edu.cn/info/1096/1498.htm,"https://zs.cuit.edu.cn/info/1096/1498.htm
https://zs.cuit.edu.cn/info/1022/1579.htm",c4daab8a317df74f721697c96dba98bf20cfc4c9b2cb84843a71e591dd3668cc,school_verified
,成都信息工程大学,107,成都信息工程大学物理类107组,080801,自动化,物理类,物理,化学,111,6240,,普通本科批B段,https://zs.cuit.edu.cn/info/1096/1498.htm,"https://zs.cuit.edu.cn/info/1096/1498.htm
https://zs.cuit.edu.cn/info/1022/1579.htm",c4daab8a317df74f721697c96dba98bf20cfc4c9b2cb84843a71e591dd3668cc,school_verified
,成都信息工程大学,107,成都信息工程大学物理类107组,080204,机械电子工程,物理类,物理,化学,59,6240,,普通本科批B段,https://zs.cuit.edu.cn/info/1096/1498.htm,"https://zs.cuit.edu.cn/info/1096/1498.htm
https://zs.cuit.edu.cn/info/1022/1579.htm",c4daab8a317df74f721697c96dba98bf20cfc4c9b2cb84843a71e591dd3668cc,school_verified
,成都信息工程大学,107,成都信息工程大学物理类107组,080803,机器人工程,物理类,物理,化学,54,6240,,普通本科批B段,https://zs.cuit.edu.cn/info/1096/1498.htm,"https://zs.cuit.edu.cn/info/1096/1498.htm
https://zs.cuit.edu.cn/info/1022/1579.htm",c4daab8a317df74f721697c96dba98bf20cfc4c9b2cb84843a71e591dd3668cc,school_verified
,成都信息工程大学,108,成都信息工程大学物理类108组,070602,应用气象学,物理类,物理,化学,34,6240,,普通本科批B段,https://zs.cuit.edu.cn/info/1096/1498.htm,"https://zs.cuit.edu.cn/info/1096/1498.htm
https://zs.cuit.edu.cn/info/1022/1579.htm",c4daab8a317df74f721697c96dba98bf20cfc4c9b2cb84843a71e591dd3668cc,school_verified
,成都信息工程大学,108,成都信息工程大学物理类108组,071201,统计学,物理类,物理,化学,55,6240,,普通本科批B段,https://zs.cuit.edu.cn/info/1096/1498.htm,"https://zs.cuit.edu.cn/info/1096/1498.htm
https://zs.cuit.edu.cn/info/1022/1579.htm",c4daab8a317df74f721697c96dba98bf20cfc4c9b2cb84843a71e591dd3668cc,school_verified
,成都信息工程大学,108,成都信息工程大学物理类108组,0701,数学类,物理类,物理,化学,123,6240,,普通本科批B段,https://zs.cuit.edu.cn/info/1096/1498.htm,"https://zs.cuit.edu.cn/info/1096/1498.htm
https://zs.cuit.edu.cn/info/1022/1579.htm",c4daab8a317df74f721697c96dba98bf20cfc4c9b2cb84843a71e591dd3668cc,school_verified
,成都信息工程大学,108,成都信息工程大学物理类108组,081201,测绘工程,物理类,物理,化学,24,6240,,普通本科批B段,https://zs.cuit.edu.cn/info/1096/1498.htm,"https://zs.cuit.edu.cn/info/1096/1498.htm
https://zs.cuit.edu.cn/info/1022/1579.htm",c4daab8a317df74f721697c96dba98bf20cfc4c9b2cb84843a71e591dd3668cc,school_verified
,成都信息工程大学,108,成都信息工程大学物理类108组,081202,遥感科学与技术,物理类,物理,化学,58,6240,,普通本科批B段,https://zs.cuit.edu.cn/info/1096/1498.htm,"https://zs.cuit.edu.cn/info/1096/1498.htm
https://zs.cuit.edu.cn/info/1022/1579.htm",c4daab8a317df74f721697c96dba98bf20cfc4c9b2cb84843a71e591dd3668cc,school_verified
,成都信息工程大学,108,成都信息工程大学物理类108组,082502,环境工程,物理类,物理,化学,89,6240,,普通本科批B段,https://zs.cuit.edu.cn/info/1096/1498.htm,"https://zs.cuit.edu.cn/info/1096/1498.htm
https://zs.cuit.edu.cn/info/1022/1579.htm",c4daab8a317df74f721697c96dba98bf20cfc4c9b2cb84843a71e591dd3668cc,school_verified
,成都信息工程大学,108,成都信息工程大学物理类108组,082503,环境科学,物理类,物理,化学,60,6240,,普通本科批B段,https://zs.cuit.edu.cn/info/1096/1498.htm,"https://zs.cuit.edu.cn/info/1096/1498.htm
https://zs.cuit.edu.cn/info/1022/1579.htm",c4daab8a317df74f721697c96dba98bf20cfc4c9b2cb84843a71e591dd3668cc,school_verified
,成都信息工程大学,109,成都信息工程大学物理类109组,070202,应用物理学,物理类,物理,化学,64,6240,,普通本科批B段,https://zs.cuit.edu.cn/info/1096/1498.htm,"https://zs.cuit.edu.cn/info/1096/1498.htm
https://zs.cuit.edu.cn/info/1022/1579.htm",c4daab8a317df74f721697c96dba98bf20cfc4c9b2cb84843a71e591dd3668cc,school_verified
,成都信息工程大学,109,成都信息工程大学物理类109组,070603,气象技术与工程,物理类,物理,化学,38,6240,,普通本科批B段,https://zs.cuit.edu.cn/info/1096/1498.htm,"https://zs.cuit.edu.cn/info/1096/1498.htm
https://zs.cuit.edu.cn/info/1022/1579.htm",c4daab8a317df74f721697c96dba98bf20cfc4c9b2cb84843a71e591dd3668cc,school_verified
,成都信息工程大学,109,成都信息工程大学物理类109组,080911,网络空间安全,物理类,物理,化学,127,6240,,普通本科批B段,https://zs.cuit.edu.cn/info/1096/1498.htm,"https://zs.cuit.edu.cn/info/1096/1498.htm
https://zs.cuit.edu.cn/info/1022/1579.htm",c4daab8a317df74f721697c96dba98bf20cfc4c9b2cb84843a71e591dd3668cc,school_verified
,成都信息工程大学,110,成都信息工程大学物理类110组,070504,地理信息科学,物理类,物理,地理,14,6240,,普通本科批B段,https://zs.cuit.edu.cn/info/1096/1498.htm,"https://zs.cuit.edu.cn/info/1096/1498.htm
https://zs.cuit.edu.cn/info/1022/1579.htm",c4daab8a317df74f721697c96dba98bf20cfc4c9b2cb84843a71e591dd3668cc,school_verified
,成都信息工程大学,101,成都信息工程大学物理类101组,120203,会计学,物理类,物理,不限,18,5760,,普通本科批B段,https://zs.cuit.edu.cn/info/1096/1498.htm,"https://zs.cuit.edu.cn/info/1096/1498.htm
https://zs.cuit.edu.cn/info/1022/1579.htm",c4daab8a317df74f721697c96dba98bf20cfc4c9b2cb84843a71e591dd3668cc,school_verified
,成都信息工程大学,101,成都信息工程大学物理类101组,120204,财务管理,物理类,物理,不限,18,5760,,普通本科批B段,https://zs.cuit.edu.cn/info/1096/1498.htm,"https://zs.cuit.edu.cn/info/1096/1498.htm
https://zs.cuit.edu.cn/info/1022/1579.htm",c4daab8a317df74f721697c96dba98bf20cfc4c9b2cb84843a71e591dd3668cc,school_verified
,成都信息工程大学,101,成都信息工程大学物理类101组,020102,经济统计学,物理类,物理,不限,51,5760,,普通本科批B段,https://zs.cuit.edu.cn/info/1096/1498.htm,"https://zs.cuit.edu.cn/info/1096/1498.htm
https://zs.cuit.edu.cn/info/1022/1579.htm",c4daab8a317df74f721697c96dba98bf20cfc4c9b2cb84843a71e591dd3668cc,school_verified
,成都信息工程大学,101,成都信息工程大学物理类101组,020302,金融工程,物理类,物理,不限,51,5760,,普通本科批B段,https://zs.cuit.edu.cn/info/1096/1498.htm,"https://zs.cuit.edu.cn/info/1096/1498.htm
https://zs.cuit.edu.cn/info/1022/1579.htm",c4daab8a317df74f721697c96dba98bf20cfc4c9b2cb84843a71e591dd3668cc,school_verified
,成都信息工程大学,101,成都信息工程大学物理类101组,120103,工程管理,物理类,物理,不限,46,5760,,普通本科批B段,https://zs.cuit.edu.cn/info/1096/1498.htm,"https://zs.cuit.edu.cn/info/1096/1498.htm
https://zs.cuit.edu.cn/info/1022/1579.htm",c4daab8a317df74f721697c96dba98bf20cfc4c9b2cb84843a71e591dd3668cc,school_verified
,成都信息工程大学,102,成都信息工程大学物理类102组,020401,国际经济与贸易(中高),物理类,物理,不限,19,5760,,普通本科批B段,https://zs.cuit.edu.cn/info/1096/1498.htm,"https://zs.cuit.edu.cn/info/1096/1498.htm
https://zs.cuit.edu.cn/info/1022/1579.htm",c4daab8a317df74f721697c96dba98bf20cfc4c9b2cb84843a71e591dd3668cc,school_verified
